class,image
sunflower,7d8b17ae1a6490ffcd04c43dea834f2e.jpeg
snowdrop,078102b87e47f1af300e5999e577afae.jpeg
sunflower,af66e8398b50e694b03f6880e88ad979.jpeg
snowdrop,64d79f1af7c8bd56539e52e8c0eb1e00.jpeg
iris,64ee513b4444ea07d853921eb81c6709.jpeg
snowdrop,6c676084d81558ba0bfc6b3fb81a5701.jpeg
sunflower,f46e2c265a9f5455b60ec0fdc854da6e.jpeg
snowdrop,74e6c4f8baae1d14b7b8c055f228001c.jpeg
iris,ac24f91f4b8da141d7c9f7819879d1af.jpeg
iris,fe41cd45a9838d7de2d72c89dc2fa50a.jpeg
snowdrop,fdb15dce6d85d8a046330c2d3adadefb.jpeg
sunflower,5014f69d6089edf44b2a1bde34a581a6.jpeg
sunflower,c735aa50d60c20bc459f647fa9876d17.jpeg
sunflower,785b7333dc5105ede983a7be6a9117cc.jpeg
iris,f89955115bdef9d716b062737f2325cc.jpeg
sunflower,69f0567deceead7fe0afe6b7774f8755.jpeg
snowdrop,82ca575679519c236700c19ccaf0aba9.jpeg
sunflower,c12869ef3ddae76a3ba82a5a2500bca6.jpeg
snowdrop,c644c83de896d25ccc456b8535e84309.jpeg
iris,1591aefb32afc3917209120fbccd5174.jpeg
sunflower,18f1e638bf7f4176c7bcf8f46059f839.jpeg
sunflower,1464f30992d4659b4a913a8054a7fc6d.jpeg
iris,2daddc372a265f36df03d6e6b2eaf9bd.jpeg
iris,3472af2a7bf0d8691467ff7a7f3ddaf3.jpeg
iris,74b95858cbeccfa645ffd8edf9f4ffd2.jpeg
sunflower,037a5f442a7efb72e399f98c5139b549.jpeg
iris,65ecedbb73b7f0ce9554bdb180af0208.jpeg
iris,c2e4602fa2fc1dee07f0095d0a9c78f5.jpeg
sunflower,a6b29e81c7f253d33afde79eace17da4.jpeg
snowdrop,504ac0cab89d53ad504dae98094ba733.jpeg
snowdrop,ec8f0e16ed10b7134a0cbae4f02d2a89.jpeg
snowdrop,d5b7c4557042893e80fdecf9d0cfe7de.jpeg
sunflower,c91fbb9688080b0f04dc91f84aa43f7f.jpeg
iris,87bb1f81413dca0aea1013d6ece85899.jpeg
sunflower,88612b9bee7e37740dfef12478a7b584.jpeg
snowdrop,64b27f5d016a2a979c59657c632867e5.jpeg
sunflower,035da87140c852243796a1f5c3e57cb5.jpeg
sunflower,9a9c5fface066d6e34c354b651725f76.jpeg
snowdrop,c3dc378d74807acdec283a7742d38621.jpeg
snowdrop,caaf6fb29f0e1a2b357ba0722633728a.jpeg
snowdrop,f2dca080d543fa1701069a76a558b944.jpeg
snowdrop,a3b9b20e7b7989f644a1b7c19227292e.jpeg
sunflower,8d5498c4be7069c29420ccb0dadfe554.jpeg
sunflower,be549d5e08e66ffa076c4dbc31738707.jpeg
snowdrop,f0a6a76e6e5c93a42261871d1448bf56.jpeg
sunflower,2776316b57886dcf8c942fde87f7faec.jpeg
iris,0b2611f2f92733874f700d0fbd6280c3.jpeg
sunflower,59dce28fef4fdd466caaba9e7e2023ef.jpeg
iris,ed81ce9ba94e065505d185bd4afa0109.jpeg
snowdrop,b43775998652d6149169a113c067573e.jpeg
snowdrop,381602f1047a7915e044f50b7878f2c2.jpeg
iris,b32c082fb55c9196c82b9058382e8ea8.jpeg
iris,78e5066dab9a4f94b30ecf46f70623e9.jpeg
sunflower,3d798dae7e5a0299df6969db7a49eb87.jpeg
snowdrop,ac8c0233c222b5183cd9f0aa01fa37cf.jpeg
sunflower,5f5c5e07f1452d9c4f99b16a052b1c9e.jpeg
sunflower,b3ab706d3b8cbb9835cb34f466b8f579.jpeg
iris,fd1356594e0d45c5796f95830b937e74.jpeg
sunflower,c8c69afdd2f88107bc46f277860d2b40.jpeg
iris,45ef18b0fede3445593f55bb8230d395.jpeg
snowdrop,bfbe16e1781c53b44f9c732f89fe8def.jpeg
iris,2023466f9125f862aa536f280ac988fb.jpeg
iris,c484179ea2af961435255cadc3735b5a.jpeg
iris,f3f8b4dc8e20e20980d0b6b39c70866b.jpeg
iris,ca83bb5828c84ac2203127dfd965c5fc.jpeg
sunflower,c0a424b55f302b4e7ba05319de320961.jpeg
iris,11e794a9a30b1cd7cefe3c3f2c4c34ac.jpeg
iris,edd4f76d899c24035ab07daf51cd168a.jpeg
sunflower,6c610c4ea173eb64bcead684a1b08795.jpeg
sunflower,0ee0b0ec78531cc6bee317c22e19783e.jpeg
iris,bd6a3f4323d0812a4e9444c1286d0b1b.jpeg
sunflower,5d295bb2911b667d15122f4e671d9302.jpeg
iris,806788a36f60685b6c9a5392a6674722.jpeg
sunflower,28f4162fc227fa277a1e411984c61e30.jpeg
sunflower,47d252d6b7c75c73c1068f6ad34534c3.jpeg
snowdrop,eed23ae263b6b7fe2ecf8e16428acc0d.jpeg
sunflower,590e42ae794d822fb109a71e5faf45a9.jpeg
snowdrop,d26aa887a61fe789a58fc134cb96ed15.jpeg
snowdrop,1b6d490f247f50a5f40e9f6e92bcecfa.jpeg
snowdrop,056c62fda4cb50343d1f189587c12c7f.jpeg
sunflower,2f2831bd1c8e9a6bbdc5b5603f81b4d5.jpeg
snowdrop,d88edaa84bc54ca92f9e05802d828c61.jpeg
snowdrop,e4a67d7d5ebf5e991c86191132857de7.jpeg
iris,bb8abba0742e10f84ce98ab026c03921.jpeg
iris,eb474d00b76a3b342e6e2729046916f0.jpeg
iris,61462b57cf62946488c9bf83e576ffcd.jpeg
iris,17ef54c433132129b353f5373df10fcb.jpeg
iris,d6b019805d0b8316e25ef928b8eb161c.jpeg
snowdrop,88a4049a80e458c4d9dd075c3c454ecc.jpeg
iris,76a99dc9b4a842dd29aafa8d33c99238.jpeg
iris,2bd5b71ad3a8eab993dba5ee3bf8b2f7.jpeg
snowdrop,abce2c4456f1f908e7bdb5ccfc08db93.jpeg
snowdrop,f59fdfd591ce22f9d6fe8724af82d0fc.jpeg
snowdrop,13c4710cc1e6e98954653ae46cb8a4ba.jpeg
iris,64d03925e743695820bb7deb63755afc.jpeg
snowdrop,35d4fae07137e5f0277f2785aebf61f7.jpeg
iris,fbe3c7340f62507543ba41ea6382ff7f.jpeg
snowdrop,ae36652e50276ec431f693a7b81e9d87.jpeg
iris,b0d41751cb825dc1ee38efd23b28f549.jpeg
snowdrop,f86543e24f9ef693196efd6ad63ebe2a.jpeg
snowdrop,a77033c387de713858379d31d9fa5d60.jpeg
iris,5b970192196d07770240b68c1e9dd583.jpeg
sunflower,78dcaaa0d13556fd1ead2947d1dc9d80.jpeg
snowdrop,4bffb21524aea8ab895f50e5ea0efd0c.jpeg
snowdrop,e2f5d5dcc1fdb18f59d4ab9eccbb6ebe.jpeg
sunflower,b3761358bf7a7e77a4c5006c9bf0c814.jpeg
snowdrop,aadde58da57d528cdfa5611ad507a6bc.jpeg
iris,b64b016422b84c688e25d6588c7616c9.jpeg
snowdrop,f1df32e96a55fbc6b4c24c0dec2799be.jpeg
sunflower,259e01aaf2fdf9f05da999fdef369fac.jpeg
iris,5cb9637a2a69c9df6896646d88f0478b.jpeg
sunflower,41ab78c03085d2545455dcf5b5db9548.jpeg
snowdrop,9fbb4e735c98d9c2249f67c1f791b4a1.jpeg
snowdrop,0ece4257d80ca409787db04d1863e319.jpeg
iris,e400da8c7493f68c8b429e58bb7d088b.jpeg
snowdrop,e51a49859078748b06cb4af632d9a2bc.jpeg
iris,b37c1244b4a88814c0b6d5e7218578e1.jpeg
sunflower,7ab0203f094d6ecc7b78066a1048f3f3.jpeg
snowdrop,0d11537738e052911fd4a94bfd030807.jpeg
iris,431a93b49de0e5fa16fc7e655c8791f4.jpeg
sunflower,8bf5462b2d3beb232aa7d0c3e34af313.jpeg
sunflower,244e3adc9c5bb3b309dea0af2d19a387.jpeg
snowdrop,aa728020c3a406cb2827dbe70a3afea1.jpeg
sunflower,47757b71cdb65e0ab0992688eeed57ef.jpeg
sunflower,26a52eed949a028097c3603405d2404c.jpeg
snowdrop,3fe8ebe0bd6e1e7f3f90740fe6266297.jpeg
iris,9090ee188a5288618eebf98f5ea572a8.jpeg
iris,c6e17ae8e673636df677e4fc0e688b5e.jpeg
snowdrop,34dfff9c046509a0d2692f25f1a61339.jpeg
sunflower,4e118309d4f9b68bb557a801ffddb80b.jpeg
sunflower,661ac1101390f40cf4cac7dd11fe450f.jpeg
snowdrop,a9089e583e96280e9485ccd48af353c3.jpeg
sunflower,9bbd4445f93931949afa8682fae91e34.jpeg
sunflower,f3057a61212b294cb9c9e52ebbcfea39.jpeg
iris,3615c117450bf053313aeda16ef76cb3.jpeg
sunflower,653c4a408444a1f917744fc8fd483303.jpeg
snowdrop,a64a0f840bc69d468ffa216f941e1633.jpeg
snowdrop,0092c7974a0128c6f3c4e19fbae73709.jpeg
sunflower,0efef629fe257261aa6830be4dfeee58.jpeg
iris,31392470024051642c270e2b70f9bb90.jpeg
iris,adf46f3eee5fb574681d7ce240cebe9b.jpeg
sunflower,669262d8d50aa25699ca1156fc7a839f.jpeg
iris,7bd54d6e108a56502a21b9530ba8fb0c.jpeg
snowdrop,a31b9fbbbb4e5305f21e4eebb24c3832.jpeg
sunflower,e0d7c04ca4dc80a96e31fa18e1ccfc44.jpeg
snowdrop,d1253a4569cc535a63027156f46832e8.jpeg
iris,ecb1f58136e72791faf2a9444c1f73ca.jpeg
iris,911509c9a0d49fbc9b990df27fca71ca.jpeg
sunflower,4e175709c2c047e1086945481faca009.jpeg
iris,5db22abe52f5ce6c4bf7d95291d7d207.jpeg
